City_ID,City,Country,Lat,Lng,Max Temp,Humidity,Cloudiness,Wind Speed,Current Description
0,Mar Del Plata,AR,-38.0,-57.56,57.2,47,0,21.92,clear sky
1,Bilma,NE,18.69,12.92,89.91,13,0,7.65,clear sky
2,Mehamn,NO,71.04,27.85,37.4,77,40,12.75,scattered clouds
3,Zhangye,CN,38.93,100.45,40.8,57,0,1.34,clear sky
4,Bluff,NZ,-46.6,168.33,39.0,93,0,1.99,clear sky
5,Kipini,KE,-2.53,40.53,79.12,80,1,13.8,clear sky
6,Jamestown,US,42.1,-79.24,61.0,36,1,6.93,clear sky
7,Talisayan,PH,6.99,121.93,77.38,87,100,7.81,overcast clouds
8,Bandarbeyla,SO,9.49,50.81,79.45,85,98,13.65,overcast clouds
9,New Norfolk,AU,-42.78,147.06,51.01,77,100,3.2,moderate rain
10,Atuona,PF,-9.8,-139.03,77.94,73,25,21.99,scattered clouds
11,Kutahya,TR,39.42,29.98,59.0,71,40,5.82,scattered clouds
12,Ushuaia,AR,-54.8,-68.3,48.2,57,40,12.75,scattered clouds
13,Karratha,AU,-20.74,116.85,80.37,31,0,11.83,clear sky
14,Thompson,CA,55.74,-97.86,32.0,90,90,17.22,light shower snow
15,Columbus,US,39.96,-83.0,73.4,40,75,11.41,broken clouds
16,Bengkulu,ID,-3.8,102.27,76.19,87,100,3.62,overcast clouds
17,Hilo,US,19.73,-155.09,82.4,54,1,6.78,clear sky
18,Ucluelet,CA,48.93,-125.55,55.4,76,75,8.05,broken clouds
19,Ribeira Grande,PT,38.52,-28.7,69.8,83,20,5.82,few clouds
20,Eidsvag,NO,62.78,8.07,44.6,70,75,5.82,broken clouds
21,Kapaa,US,22.08,-159.32,81.0,74,1,3.38,clear sky
22,Taltal,CL,-25.4,-70.48,65.53,54,22,7.7,few clouds
23,Mercedes,AR,-34.65,-59.43,82.99,41,75,3.0,broken clouds
24,Abu Dhabi,AE,24.47,54.37,84.2,58,0,3.36,clear sky
25,Bernal,PE,-5.45,-80.75,79.14,51,8,15.12,clear sky
26,Gat,IL,31.61,34.76,77.0,73,20,3.36,few clouds
27,Mount Isa,AU,-20.73,139.5,75.2,44,40,10.29,scattered clouds
28,Butaritari,KI,3.07,172.79,81.9,76,100,11.54,light rain
29,Sitka,US,57.05,-135.33,46.4,87,75,2.93,light rain
30,Okato,NZ,-39.2,173.88,45.0,79,55,23.0,broken clouds
31,Leningradskiy,RU,69.38,178.42,30.61,93,100,9.62,overcast clouds
32,Itarema,BR,-2.92,-39.92,81.63,70,77,18.59,broken clouds
33,Castro,BR,-24.79,-50.01,76.62,55,100,2.57,overcast clouds
34,Hailar,CN,49.2,119.7,25.48,84,0,6.73,clear sky
35,Yurimaguas,PE,-5.9,-76.08,91.4,63,20,8.05,few clouds
36,Albany,US,42.6,-73.97,66.99,36,1,7.96,clear sky
37,Busselton,AU,-33.65,115.33,52.0,96,0,10.47,clear sky
38,Mataura,NZ,-46.19,168.86,39.0,93,0,1.99,clear sky
39,Vostok,RU,46.49,135.88,19.83,97,50,5.48,scattered clouds
40,Pisco,PE,-13.7,-76.22,66.99,77,20,10.29,few clouds
41,Ust-Tsilma,RU,65.44,52.15,31.48,98,44,4.23,scattered clouds
42,Kamakwie,SL,9.5,-12.23,76.82,89,100,2.44,light rain
43,Khatanga,RU,71.97,102.5,26.06,98,100,10.76,light snow
44,Alexandria,EG,31.22,29.96,77.0,73,59,8.05,broken clouds
45,Nome,US,64.5,-165.41,26.6,68,75,4.7,broken clouds
46,Hobart,AU,-42.88,147.33,57.2,71,75,13.87,shower rain
47,Victoria,HK,22.29,114.16,78.01,79,89,1.99,overcast clouds
48,Bredasdorp,ZA,-34.53,20.04,57.2,87,0,1.12,clear sky
49,Casimiro De Abreu,BR,-22.48,-42.2,78.8,74,25,8.05,scattered clouds
50,Hithadhoo,MV,-0.6,73.08,82.74,76,24,13.47,few clouds
51,Rantepao,ID,-2.97,119.9,66.51,87,100,2.04,light rain
52,Ipixuna,BR,-1.76,-48.8,78.8,83,75,10.29,moderate rain
53,Malindi,KE,-3.22,40.12,78.8,88,20,13.87,few clouds
54,Bambous Virieux,MU,-20.34,57.76,73.99,83,20,5.82,few clouds
55,Mahebourg,MU,-20.41,57.7,73.4,83,20,5.82,few clouds
56,Port Alfred,ZA,-33.59,26.89,61.41,78,0,18.66,clear sky
57,Juli,PE,-16.22,-69.45,50.95,53,59,10.89,light rain
58,Lavrentiya,RU,65.58,-171.0,31.24,91,98,9.73,overcast clouds
59,Rikitea,PF,-23.12,-134.97,73.63,80,27,19.46,scattered clouds
60,Mamallapuram,IN,12.63,80.17,80.6,69,40,3.36,scattered clouds
61,Dawei,MM,14.08,98.2,75.04,90,2,1.79,clear sky
62,Moncton,CA,46.12,-64.8,62.6,93,75,14.99,broken clouds
63,Tasiilaq,GL,65.61,-37.64,29.26,95,97,2.62,overcast clouds
64,Yellowknife,CA,62.46,-114.35,26.01,68,90,23.04,light snow
65,Upernavik,GL,72.79,-56.15,33.42,86,15,5.75,few clouds
66,Yumen,CN,40.28,97.2,32.11,80,0,3.89,clear sky
67,Puerto Ayora,EC,-0.74,-90.35,77.0,73,75,8.05,broken clouds
68,Chokurdakh,RU,70.63,147.92,19.83,98,92,2.28,overcast clouds
69,Uspenka,UA,48.39,39.16,60.64,66,2,3.47,clear sky
70,Kurilsk,RU,45.23,147.88,47.77,65,25,19.82,scattered clouds
71,Novosokolniki,RU,56.35,30.16,54.34,96,95,6.22,overcast clouds
72,Mporokoso,ZM,-9.37,30.12,70.36,60,2,6.29,clear sky
73,Mecca,SA,21.43,39.83,77.76,29,0,0.85,clear sky
74,Cape Town,ZA,-33.93,18.42,60.01,87,0,5.82,clear sky
75,Pangnirtung,CA,66.15,-65.71,37.4,51,75,14.99,broken clouds
76,Bathsheba,BB,13.22,-59.52,86.0,74,75,9.17,shower rain
77,Ostrovnoy,RU,68.05,39.51,34.84,89,100,9.31,overcast clouds
78,Whitehorse,CA,60.72,-135.05,35.01,74,40,2.24,scattered clouds
79,Erdaojiang,CN,41.78,126.03,33.44,78,67,2.19,broken clouds
80,Petrolina De Goias,BR,-16.09,-49.34,91.4,33,75,9.17,broken clouds
81,Henties Bay,NA,-22.12,14.28,59.0,89,0,3.0,clear sky
82,Carlagan,PH,14.97,122.05,80.69,85,100,12.28,overcast clouds
83,Saint-Philippe,RE,-21.36,55.77,75.2,83,90,1.12,overcast clouds
84,Hasaki,JP,35.73,140.83,63.0,88,75,11.41,broken clouds
85,Saskylakh,RU,71.92,114.08,15.6,95,100,15.95,overcast clouds
86,Vaini,TO,-21.2,-175.2,73.4,73,90,9.17,overcast clouds
87,Fortuna,US,40.6,-124.16,63.0,82,75,12.75,broken clouds
88,Avarua,CK,-21.21,-159.78,73.4,60,100,5.82,overcast clouds
89,Norman Wells,CA,65.28,-126.83,21.2,79,90,11.41,light snow
90,Maraba,BR,-5.37,-49.12,95.0,50,40,2.24,scattered clouds
91,Airai,TL,-8.93,125.41,61.0,65,88,2.24,overcast clouds
92,Atherton,GB,53.52,-2.49,51.01,74,100,1.99,overcast clouds
93,Arraial Do Cabo,BR,-22.97,-42.03,78.8,74,47,8.05,scattered clouds
94,Slantsy,RU,59.12,28.09,44.01,87,100,8.84,overcast clouds
95,Banda Aceh,ID,5.56,95.32,81.52,69,100,8.97,overcast clouds
96,Tiksi,RU,71.69,128.87,10.67,92,0,2.46,clear sky
97,Punta Arenas,CL,-53.15,-70.92,51.8,50,75,25.28,broken clouds
98,Petropavl,KZ,54.88,69.16,48.43,52,100,13.62,overcast clouds
99,Nagato,JP,34.38,131.2,64.4,63,20,6.93,few clouds
100,Virginia Beach,US,36.85,-75.98,73.99,38,20,5.82,few clouds
101,Ulladulla,AU,-35.35,150.47,53.01,100,23,2.24,few clouds
102,Quatre Cocos,MU,-20.21,57.76,73.99,83,20,5.82,few clouds
103,Leshukonskoye,RU,64.9,45.76,31.15,95,5,4.32,clear sky
104,Darhan,MN,49.49,105.92,31.55,83,5,4.25,clear sky
105,Port Elizabeth,ZA,-33.92,25.57,60.8,87,0,12.75,clear sky
106,Lata,PT,40.16,-8.33,57.0,82,0,5.01,clear sky
107,Saint-Pierre,RE,-21.34,55.48,75.2,83,90,1.12,overcast clouds
108,Akyab,MM,20.15,92.9,80.4,83,87,5.28,overcast clouds
109,Longyearbyen,SJ,78.22,15.64,28.4,79,40,3.36,scattered clouds
110,Nioro,GM,13.35,-15.75,81.97,70,5,1.77,clear sky
111,Jumla,NP,29.27,82.18,50.11,53,52,3.98,broken clouds
112,Worland,US,44.02,-107.96,61.0,12,1,28.86,clear sky
113,Taoudenni,ML,22.68,-3.98,93.79,16,0,4.5,clear sky
114,Altamira,BR,-3.2,-52.21,81.73,67,100,3.11,light rain
115,Klaksvik,FO,62.23,-6.59,44.6,81,42,1.12,scattered clouds
116,Dikson,RU,73.51,80.55,29.1,93,100,23.04,overcast clouds
117,Nikolskoye,RU,59.7,30.79,45.0,75,90,15.66,overcast clouds
118,Tkibuli,GE,42.35,43.0,59.0,82,100,2.24,overcast clouds
119,Asau,RO,46.43,26.4,41.0,97,9,4.34,clear sky
120,Mokhsogollokh,RU,61.47,128.92,17.85,96,100,8.63,light snow
121,Lompoc,US,34.64,-120.46,96.8,18,1,14.99,clear sky
122,Lower Hutt,NZ,-41.22,174.92,48.2,66,97,32.21,light rain
123,Orumiyeh,IR,37.55,45.08,48.2,40,59,4.7,broken clouds
124,East London,ZA,-33.02,27.91,62.64,71,15,16.67,few clouds
125,Kitimat,CA,54.05,-128.65,50.0,82,77,1.99,light rain
126,Prado,BR,-17.34,-39.22,76.59,78,62,13.67,broken clouds
127,Port Lincoln,AU,-34.73,135.87,74.41,28,100,21.05,light rain
128,Yeppoon,AU,-23.13,150.73,62.6,72,61,6.93,broken clouds
129,Chuy,UY,-33.7,-53.46,63.16,77,3,7.52,clear sky
130,Souillac,MU,-20.52,57.52,73.4,83,20,5.82,few clouds
131,Clyde River,CA,70.47,-68.59,24.8,92,75,11.74,broken clouds
132,Kovdor,RU,67.57,30.48,33.85,95,100,9.28,overcast clouds
133,Harper,LR,4.38,-7.72,76.73,89,27,7.09,light rain
134,Provideniya,RU,64.38,-173.3,32.0,92,90,8.95,overcast clouds
135,San Ignacio,BZ,17.16,-89.07,87.8,66,40,4.7,scattered clouds
136,Gerash,IR,27.67,54.14,62.6,29,0,2.06,clear sky
137,Qaanaaq,GL,77.48,-69.36,30.56,85,45,6.87,scattered clouds
138,Katobu,ID,-4.94,122.53,75.58,94,100,2.86,overcast clouds
139,Smoky Lake,CA,54.12,-112.47,43.0,63,71,15.01,broken clouds
140,Asmara,ER,15.33,38.93,59.47,71,1,1.21,clear sky
141,Purranque,CL,-40.92,-73.17,64.4,45,0,10.29,clear sky
142,Kodiak,US,57.79,-152.41,42.8,81,1,4.7,clear sky
143,Imbituba,BR,-28.24,-48.67,71.6,68,20,12.75,few clouds
144,Gamboma,CG,-1.88,15.86,72.79,90,88,4.38,overcast clouds
145,Faanui,PF,-16.48,-151.75,78.44,81,8,11.59,light rain
146,Hermanus,ZA,-34.42,19.23,61.0,76,0,5.01,clear sky
147,Ocho Rios,JM,18.4,-77.1,87.01,78,28,8.99,scattered clouds
148,Roura,GF,4.73,-52.33,87.8,58,0,13.87,clear sky
149,Cedar City,US,37.68,-113.06,75.2,12,1,5.82,clear sky
150,Alice Springs,AU,-23.7,133.88,57.2,50,0,4.7,clear sky
151,Portland,US,45.52,-122.68,62.01,72,75,5.82,broken clouds
152,Tual,ID,-5.67,132.75,81.34,82,100,13.4,overcast clouds
153,Kieta,PG,-6.22,155.63,78.98,81,100,1.68,overcast clouds
154,Sept-Iles,CA,50.2,-66.38,46.99,100,90,8.05,light rain
155,Salinas,US,36.68,-121.66,87.01,33,1,9.17,clear sky
156,Barrow,US,71.29,-156.79,24.8,68,90,14.99,overcast clouds
157,Narsaq,GL,60.92,-46.05,41.0,75,40,3.36,scattered clouds
158,Naze,JP,28.37,129.48,73.4,78,20,4.7,few clouds
159,Vila Velha,BR,-20.33,-40.29,84.2,74,20,14.99,few clouds
160,Nouadhibou,MR,20.93,-17.03,77.0,73,13,14.99,light rain
161,Baykit,RU,61.67,96.37,38.57,88,100,12.15,light rain
162,Jiangkou,CN,25.49,119.2,71.6,73,40,20.13,scattered clouds
163,Lazaro Cardenas,MX,17.96,-102.2,86.27,67,19,10.13,few clouds
164,Ponta Delgada,PT,37.73,-25.67,69.8,83,20,10.29,few clouds
165,Phan Thiet,VN,10.93,108.1,77.31,90,100,10.0,overcast clouds
166,Tuktoyaktuk,CA,69.45,-133.04,26.6,79,75,24.16,light snow
167,Touros,BR,-5.2,-35.46,82.4,69,75,14.99,broken clouds
168,Tateyama,JP,34.98,139.87,66.0,72,100,5.99,light rain
169,Loei,TH,17.42,101.5,65.39,100,97,1.23,overcast clouds
170,Havre-Saint-Pierre,CA,50.23,-63.6,46.4,93,90,23.04,light rain
171,Luderitz,NA,-26.65,15.16,72.97,34,0,8.19,clear sky
172,Lukovetskiy,RU,64.3,41.92,32.0,96,1,4.47,clear sky
173,Khartoum,SD,15.55,32.53,90.0,33,48,9.17,scattered clouds
174,Svetlaya,RU,46.54,138.33,34.21,76,0,6.49,clear sky
175,Puerto Baquerizo Moreno,EC,-0.9,-89.6,75.2,78,40,13.87,scattered clouds
176,Orastie,RO,45.83,23.2,48.0,81,2,1.12,clear sky
177,Daitari,IN,21.1,85.75,73.17,99,100,5.32,overcast clouds
178,Severo-Kurilsk,RU,50.68,156.12,42.51,71,22,8.66,few clouds
179,Asilah,MA,35.47,-6.03,64.4,59,20,4.7,few clouds
180,Kahului,US,20.89,-156.47,86.0,51,1,0.38,clear sky
181,Shanghai,CN,31.22,121.46,69.01,68,40,8.95,scattered clouds
182,Seymchan,RU,62.88,152.43,30.78,94,100,1.14,overcast clouds
183,Los Llanos De Aridane,ES,28.66,-17.92,73.4,78,40,11.41,scattered clouds
184,Ponta Do Sol,PT,32.67,-17.1,71.6,73,75,10.29,broken clouds
185,Sinnamary,GF,5.38,-52.95,84.45,65,0,11.21,clear sky
186,Boden,SE,65.83,21.69,33.8,86,59,1.12,broken clouds
187,Kavieng,PG,-2.57,150.8,80.73,77,15,4.72,few clouds
188,Adrar,MR,20.5,-10.07,94.26,20,50,6.67,scattered clouds
189,Nantucket,US,41.28,-70.1,66.2,59,1,14.99,clear sky
190,Aripuana,BR,-9.17,-60.63,89.78,48,92,3.2,overcast clouds
191,Bima,ID,-8.47,118.72,76.55,83,41,3.33,scattered clouds
192,Malakal,SS,9.53,31.66,72.75,86,7,3.96,clear sky
193,Westport,US,41.14,-73.36,69.01,49,1,13.87,clear sky
194,Grinnell,US,41.74,-92.72,77.0,23,1,14.99,clear sky
195,Omboue,GA,-1.57,9.26,75.78,80,98,8.97,overcast clouds
196,Komsomolskiy,UZ,40.43,71.72,51.8,71,0,6.93,mist
197,Tarija,BO,-21.54,-64.73,91.4,19,75,11.41,broken clouds
198,Esperance,AU,-33.87,121.9,57.2,100,90,10.29,overcast clouds
199,Piopio,NZ,-38.47,175.02,48.0,85,100,8.01,overcast clouds
200,Sarkand,KZ,45.41,79.92,44.55,54,0,3.06,clear sky
201,Nanortalik,GL,60.14,-45.24,36.95,86,8,3.06,clear sky
202,Cherskiy,RU,68.75,161.3,30.69,93,64,8.75,broken clouds
203,Ambovombe,MG,-25.17,46.08,64.27,80,0,7.36,clear sky
204,Margate,GB,51.38,1.39,60.01,79,100,17.0,overcast clouds
205,Bela Vista,BR,-22.11,-56.52,102.27,24,34,7.29,scattered clouds
206,Laguna,US,38.42,-121.42,89.01,32,1,11.41,clear sky
207,Acapulco,MX,16.86,-99.89,87.8,70,75,5.82,broken clouds
208,Popondetta,PG,-8.75,148.25,71.01,92,80,2.95,light rain
209,Pacific Grove,US,36.62,-121.92,87.01,56,1,5.82,clear sky
210,Southbridge,US,42.08,-72.03,70.0,34,0,1.99,clear sky
211,Hobyo,SO,5.35,48.53,80.06,84,4,16.26,light rain
212,Pucara,PE,-15.98,-71.46,71.6,15,40,10.29,scattered clouds
213,Richards Bay,ZA,-28.78,32.04,65.71,70,89,5.75,overcast clouds
214,Lauria,IT,40.05,15.84,55.62,69,100,4.47,overcast clouds
215,Zyryanka,RU,65.75,150.85,24.53,94,100,5.37,overcast clouds
216,Manavalakurichi,IN,8.13,77.3,80.6,94,40,18.07,mist
217,Satipo,PE,-11.25,-74.64,88.57,38,57,3.56,light rain
218,Saint George,US,37.1,-113.58,73.4,13,1,3.36,clear sky
219,Shakawe,BW,-18.37,21.85,76.15,24,37,6.62,scattered clouds
220,Riyadh,SA,24.69,46.72,73.4,27,0,4.43,clear sky
221,Doaba,PK,33.42,70.74,65.64,27,0,3.2,clear sky
222,Petropavlovsk-Kamchatskiy,RU,53.05,158.65,39.2,100,75,2.24,fog
223,San Quintin,MX,30.48,-115.95,84.18,39,0,10.02,clear sky
224,Den Helder,NL,52.96,4.76,52.0,71,90,16.11,overcast clouds
225,Murray Bridge,AU,-35.12,139.27,75.0,37,100,5.99,overcast clouds
226,Chilca,PE,-12.52,-76.74,64.4,72,90,9.17,overcast clouds
227,Lagoa,PT,39.05,-27.98,69.06,80,60,9.28,broken clouds
228,Tuatapere,NZ,-46.13,167.68,39.0,93,0,1.99,clear sky
229,Pevek,RU,69.7,170.31,33.21,88,100,18.21,overcast clouds
230,Bouna,CI,9.27,-3.0,76.75,85,85,4.0,overcast clouds
231,Cockburn Town,TC,21.46,-71.14,83.75,75,12,10.98,few clouds
232,Carnarvon,AU,-24.87,113.63,66.2,82,0,18.34,clear sky
233,Lesnoye,RU,58.28,35.52,45.23,88,100,9.37,overcast clouds
234,Samarai,PG,-10.62,150.67,78.62,85,44,15.39,moderate rain
235,Constitucion,CL,-35.33,-72.42,59.58,75,6,4.63,clear sky
236,Husavik,IS,66.04,-17.34,48.2,57,100,18.34,overcast clouds
237,Iqaluit,CA,63.75,-68.51,35.6,97,90,21.92,light rain
238,Muisne,EC,0.6,-80.03,77.02,77,76,9.84,broken clouds
239,Burgos,ES,42.34,-3.71,44.01,86,40,6.93,scattered clouds
240,Santa Isabel Do Rio Negro,BR,-0.41,-65.02,84.92,66,82,8.41,broken clouds
241,Mnogovershinnyy,RU,53.94,139.92,23.63,89,2,8.39,clear sky
242,Ahipara,NZ,-35.17,173.17,56.52,72,16,14.05,few clouds
243,Guanare,VE,9.04,-69.74,86.83,66,14,2.86,few clouds
244,Broome,US,42.25,-75.83,66.0,36,1,13.87,clear sky
245,Dudinka,RU,69.41,86.18,23.0,100,75,13.42,light shower snow
246,Katsuura,JP,35.13,140.3,66.2,72,75,12.75,light rain
247,Knysna,ZA,-34.04,23.05,55.4,93,0,2.24,clear sky
248,Puerto Escondido,MX,15.85,-97.07,87.8,66,75,9.17,broken clouds
249,Dongsheng,CN,39.82,109.98,39.2,65,0,5.1,clear sky
250,Dandong,CN,40.13,124.39,36.99,69,0,2.8,clear sky
251,Mount Gambier,AU,-37.83,140.77,59.0,82,100,17.22,light rain
252,Manta,EC,-0.95,-80.73,78.8,74,75,13.87,broken clouds
253,Kirovsk,UA,48.64,38.64,62.26,60,34,4.81,scattered clouds
254,Hof,DE,50.32,11.92,42.01,98,100,11.01,overcast clouds
255,Caledon,ZA,-34.23,19.43,61.0,76,0,5.01,clear sky
256,Kaitangata,NZ,-46.28,169.85,43.0,81,1,5.01,clear sky
257,Tygda,RU,53.12,126.33,24.84,87,25,6.29,scattered clouds
258,Atar,MR,20.52,-13.05,90.66,35,65,7.9,broken clouds
259,Hirara,JP,24.8,125.28,79.34,77,76,16.89,broken clouds
260,Volgodonsk,RU,47.51,42.15,55.78,76,0,8.3,clear sky
261,Synya,RU,65.37,58.04,29.86,97,52,4.09,broken clouds
262,Kuhdasht,IR,33.53,47.61,54.61,39,0,4.27,clear sky
263,Dunedin,NZ,-45.87,170.5,42.01,73,0,1.99,clear sky
264,San Jose,US,37.34,-121.89,88.0,38,0,4.0,clear sky
265,Pemangkat,ID,1.17,108.97,77.13,87,100,5.06,light rain
266,Te Anau,NZ,-45.42,167.72,35.31,86,5,1.03,clear sky
267,Georgetown,MY,5.41,100.34,82.4,78,20,2.24,few clouds
268,Kepno,PL,51.28,17.99,46.99,92,100,1.99,overcast clouds
269,Oussouye,SN,12.48,-16.55,84.2,83,20,4.7,few clouds
270,Geraldton,AU,-28.77,114.6,55.4,87,90,10.29,overcast clouds
271,Sorong,ID,-0.88,131.25,80.1,80,100,5.26,overcast clouds
272,Coquimbo,CL,-29.95,-71.34,62.6,63,8,11.41,clear sky
273,Maragogi,BR,-9.01,-35.22,77.76,76,57,10.89,broken clouds
274,Port Hardy,CA,50.7,-127.42,50.0,93,75,6.93,light intensity shower rain
275,Mircea Voda,RO,44.28,28.17,54.0,93,0,3.36,light rain
276,Londoko,RU,49.03,131.98,24.66,89,20,2.17,few clouds
277,Las Vegas,US,36.17,-115.14,91.0,11,1,9.17,clear sky
278,Bud,US,39.45,-86.18,75.99,31,1,12.75,clear sky
279,Yeniseysk,RU,58.45,92.17,41.56,90,100,9.17,overcast clouds
280,Jalingo,NG,8.88,11.37,76.55,85,81,2.95,light rain
281,Santa Maria,BR,-29.68,-53.81,73.62,64,100,4.99,overcast clouds
282,Sylva,RU,58.03,56.76,51.8,100,75,4.47,broken clouds
283,Coahuayana,MX,18.73,-103.68,82.4,69,20,11.41,few clouds
284,San Cristobal,VE,7.77,-72.22,82.4,83,40,2.24,shower rain
285,Denpasar,ID,-8.65,115.22,80.6,88,40,5.82,scattered clouds
286,Kpandu,GH,7.0,0.29,77.85,82,100,1.81,light rain
287,Yangambi,CD,0.81,24.43,73.83,84,63,0.38,light rain
288,Ust-Karsk,RU,52.7,118.81,24.42,85,0,2.91,clear sky
289,Pachmarhi,IN,22.47,78.43,66.4,100,97,2.8,overcast clouds
290,Sapa,PH,5.15,120.32,81.5,78,78,7.07,broken clouds
291,Caravelas,BR,-17.71,-39.25,77.0,76,8,11.34,clear sky
292,Carauari,BR,-4.88,-66.9,84.38,70,94,2.08,moderate rain
293,Hidrolandia,BR,-4.41,-40.44,96.58,22,51,7.34,broken clouds
294,Alofi,NU,-19.06,-169.92,75.2,60,100,9.17,overcast clouds
295,Saldanha,ZA,-33.01,17.94,60.8,48,0,4.7,clear sky
296,Vestmanna,FO,62.16,-7.17,44.6,81,26,1.12,scattered clouds
297,Bazarnyye Mataki,RU,54.88,49.93,50.18,47,78,7.31,broken clouds
298,Belmonte,BR,-15.86,-38.88,80.6,61,8,16.11,clear sky
299,Lorengau,PG,-2.02,147.27,81.28,77,90,5.48,overcast clouds
300,Sahuaripa,MX,29.05,-109.23,92.89,28,100,4.74,overcast clouds
301,Tabou,CI,4.42,-7.35,77.14,89,47,7.83,scattered clouds
302,Manggar,ID,-2.88,108.27,77.18,85,100,9.93,moderate rain
303,Bethel,US,41.37,-73.41,68.0,42,1,11.41,clear sky
304,Mezen,RU,65.85,44.24,32.29,95,19,7.74,few clouds
305,Muli,MV,2.92,73.57,81.68,80,100,17.76,light rain
306,Ordzhonikidze,KZ,52.44,61.74,50.27,44,100,10.33,overcast clouds
307,San Alberto,CO,7.76,-73.39,84.49,70,39,3.42,light rain
308,Kargil,IN,34.57,76.1,38.75,68,0,4.81,clear sky
309,Broken Hill,AU,-31.95,141.43,62.6,45,40,3.36,scattered clouds
310,Dno,RU,57.83,29.96,45.57,94,100,10.83,moderate rain
311,Lulea,SE,65.58,22.15,33.8,82,51,1.12,broken clouds
312,Pasighat,IN,28.07,95.33,75.47,66,0,3.13,clear sky
313,Koplik,AL,42.21,19.44,57.2,93,75,3.36,broken clouds
314,Marsa Matruh,EG,31.35,27.25,77.0,69,20,5.82,few clouds
315,Lumberton,US,34.62,-79.01,77.0,44,1,4.52,clear sky
316,Uray,RU,60.12,64.78,38.86,85,99,13.8,overcast clouds
317,Ballina,AU,-28.87,153.57,55.0,87,0,8.34,clear sky
318,Kodinsk,RU,58.69,99.18,35.04,88,100,11.23,overcast clouds
319,Oromocto,CA,45.84,-66.48,57.2,76,90,10.29,overcast clouds
320,Chase,CA,50.82,-119.69,50.0,70,74,3.65,broken clouds
321,Codo,BR,-4.46,-43.89,98.17,23,13,3.56,few clouds
322,Torbay,CA,47.67,-52.73,52.0,76,75,18.34,broken clouds
323,Opuwo,NA,-18.06,13.84,75.65,25,5,4.56,clear sky
324,Le Moule,GP,16.33,-61.35,82.4,78,0,10.29,clear sky
325,Ransang,PH,8.96,117.58,76.5,91,100,8.39,heavy intensity rain
326,Gizo,SB,-8.1,156.84,81.61,73,58,5.21,broken clouds
327,Tangzhai,CN,34.43,116.59,59.0,89,91,5.88,light rain
328,Alangudi,IN,10.36,78.98,80.6,74,40,6.93,scattered clouds
329,Cabo San Lucas,MX,22.89,-109.91,89.01,70,40,12.75,scattered clouds
330,Johi,PK,26.69,67.61,78.17,16,0,3.69,clear sky
331,Codrington,AU,-38.27,141.97,60.51,72,100,5.97,light rain
332,Voh,NC,-20.97,164.7,73.81,82,22,4.18,few clouds
333,Yzeure,FR,46.56,3.35,48.0,93,75,5.82,broken clouds
334,Wencheng,CN,33.06,113.8,54.41,89,100,6.26,light rain
335,Porosozero,RU,62.72,32.73,35.33,86,58,1.23,broken clouds
336,Lebu,CL,-37.62,-73.65,55.2,66,0,16.11,clear sky
337,Abong Mbang,CM,3.98,13.18,69.08,94,73,1.7,light rain
338,Guerrero Negro,MX,27.98,-114.06,86.0,35,100,5.53,overcast clouds
339,Nichinan,JP,31.6,131.37,65.41,79,9,7.58,clear sky
340,Isangel,VU,-19.55,169.27,77.18,82,99,8.1,overcast clouds
341,Develi,TR,38.39,35.49,55.4,47,0,2.19,clear sky
342,Korla,CN,41.76,86.15,49.66,45,0,6.44,clear sky
343,Tevriz,RU,57.51,72.4,49.42,79,100,10.45,overcast clouds
344,Lovozero,RU,68.0,35.01,32.49,97,100,4.94,overcast clouds
345,Chiman,PK,32.55,73.81,69.8,77,0,2.53,smoke
346,Ulkan,RU,57.24,107.32,31.6,97,100,8.66,overcast clouds
347,Gaoual,GN,11.75,-13.2,77.9,84,46,1.01,light rain
348,Del Rio,US,29.36,-100.9,93.2,36,1,12.75,clear sky
349,Faya,SA,18.39,42.45,64.4,72,0,6.17,clear sky
350,Cururupu,BR,-1.83,-44.87,83.89,63,75,6.38,broken clouds
351,Copiapo,CL,-27.37,-70.33,64.4,52,0,13.87,clear sky
352,Sangar,RU,63.92,127.47,16.25,96,100,6.2,snow
353,Osmena,PH,10.52,119.93,80.94,77,100,5.12,light rain
354,Kelvington,CA,52.17,-103.53,35.42,66,51,16.87,broken clouds
355,Gorodishche,RU,48.8,44.47,57.2,44,98,11.18,overcast clouds
356,Wajir,KE,1.75,40.06,85.39,50,3,19.73,clear sky
357,Toronto,CA,43.7,-79.42,63.0,51,1,11.41,clear sky
358,Nyurba,RU,63.28,118.33,18.59,97,52,6.29,broken clouds
359,Hailun,CN,47.45,126.93,29.53,87,9,6.6,clear sky
360,Santiago Del Estero,AR,-27.8,-64.26,69.3,62,96,12.03,overcast clouds
361,Jackson,US,42.42,-122.83,66.99,48,1,2.55,clear sky
362,Salalah,OM,17.02,54.09,78.8,94,40,3.36,scattered clouds
363,Isla Mujeres,MX,21.23,-86.73,86.0,62,75,12.75,broken clouds
364,Kaltasy,RU,55.97,54.8,47.46,54,84,8.93,broken clouds
365,Orotukan,RU,62.27,151.7,29.5,97,100,2.28,overcast clouds
366,Waitati,NZ,-45.75,170.57,42.01,73,0,1.99,clear sky
367,Murgab,TM,37.5,61.97,53.6,50,0,3.67,clear sky
368,La Ronge,CA,55.1,-105.28,32.0,74,75,18.34,broken clouds
369,Suntar,RU,62.14,117.63,21.72,97,60,6.02,broken clouds
370,Tyup,KG,42.73,78.36,40.55,62,0,3.31,clear sky
371,Mananjary,MG,-21.22,48.33,73.11,88,21,4.03,light rain
372,Hobbs,US,32.7,-103.14,91.99,6,5,11.41,clear sky
373,Fukue,JP,32.69,128.84,68.22,60,5,18.7,clear sky
374,Bonavista,CA,48.65,-53.11,52.0,79,42,7.0,scattered clouds
375,Oistins,BB,13.07,-59.53,86.0,74,75,9.17,shower rain
376,Chernyanka,RU,50.94,37.81,60.71,86,91,6.06,moderate rain
377,Hamilton,US,39.18,-84.53,75.99,36,1,10.29,clear sky
378,Umm Lajj,SA,25.02,37.27,82.62,50,0,4.03,clear sky
379,Leh,IN,34.17,77.58,39.06,55,0,3.51,clear sky
380,Anjiang,CN,27.32,110.1,59.99,90,100,3.98,overcast clouds
381,Charters Towers,AU,-20.1,146.27,61.75,86,0,5.79,clear sky
382,San Vicente,AR,-26.62,-54.13,69.48,93,100,2.62,heavy intensity rain
383,San Juan,AR,-31.54,-68.54,76.96,27,99,15.77,overcast clouds
384,Mirpur Sakro,PK,24.55,67.63,78.8,15,0,6.93,clear sky
385,Saint-Joseph,RE,-21.37,55.62,75.2,83,90,1.12,overcast clouds
386,Adwa,ET,14.16,38.9,65.86,64,91,1.54,overcast clouds
387,Ushtobe,KZ,45.25,77.98,45.01,58,0,9.01,clear sky
388,Kalat,PK,29.02,66.59,50.22,39,0,3.85,clear sky
389,Dom Pedrito,BR,-30.98,-54.67,72.0,69,100,6.35,overcast clouds
390,Korampallam,IN,8.77,78.1,80.89,70,100,8.19,overcast clouds
391,Nuuk,GL,64.18,-51.72,41.0,86,20,3.36,few clouds
392,Twin Falls,US,42.35,-114.64,55.4,37,1,21.92,clear sky
393,Jammalamadugu,IN,14.83,78.4,73.53,83,44,5.57,moderate rain
394,Ayolas,PY,-27.4,-56.9,71.82,73,100,9.08,moderate rain
395,Jalu,LY,29.03,21.55,75.92,35,0,8.72,clear sky
396,Camocim,BR,-2.9,-40.84,83.84,66,90,21.56,overcast clouds
397,Ugoofaaru,MV,5.67,73.0,82.72,77,100,23.78,light rain
398,Iralaya,HN,15.0,-83.23,85.8,68,0,9.37,clear sky
399,Washington,US,47.5,-120.5,57.99,71,80,1.01,broken clouds
400,Mandalgovi,MN,45.76,106.27,29.75,86,100,7.07,overcast clouds
401,San Isidro,PE,-12.12,-77.05,64.4,72,90,9.17,overcast clouds
402,Oktyabrskiy,RU,54.48,53.47,49.62,46,95,8.48,overcast clouds
403,Kishtwar,IN,33.32,75.77,52.59,43,0,3.69,clear sky
404,Kirakira,SB,-10.45,161.92,79.5,80,21,4.16,few clouds
405,Makat,KZ,47.65,53.35,57.63,32,40,9.15,scattered clouds
406,Balkhash,KZ,46.84,74.98,49.01,68,0,4.88,clear sky
407,Fairbanks,US,64.84,-147.72,24.01,79,75,1.79,broken clouds
408,Kutum,SD,14.2,24.67,80.87,16,0,8.84,clear sky
409,Tautira,PF,-17.73,-149.15,78.8,74,75,10.29,shower rain
410,Cam Ranh,VN,11.92,109.16,78.8,88,75,3.36,moderate rain
411,Lindsay,US,36.2,-119.09,84.0,39,1,4.7,clear sky
412,Acurenam,GQ,1.03,10.65,68.65,98,93,4.29,overcast clouds
413,Gimli,CA,50.63,-96.99,43.0,82,100,11.01,overcast clouds
414,Slave Lake,CA,55.28,-114.77,35.6,69,90,12.75,overcast clouds
415,Hami,CN,42.8,93.45,44.92,55,0,11.81,clear sky
416,Ilulissat,GL,69.22,-51.1,27.63,93,90,1.07,overcast clouds
417,Cumpas,MX,29.98,-109.78,89.42,26,100,4.81,overcast clouds
418,Agadez,NE,19.75,10.25,85.93,14,0,6.58,clear sky
419,Oranjemund,NA,-28.55,16.43,66.83,53,0,7.14,clear sky
420,Morro Da Fumaca,BR,-28.65,-49.21,67.69,73,77,5.91,broken clouds
421,Puerto Ayacucho,VE,5.66,-67.62,89.64,60,0,4.72,light rain
422,Socorro,US,31.65,-106.3,91.0,12,20,12.75,few clouds
423,Yaan,NG,7.38,8.57,73.9,91,53,3.83,light rain
424,Saint-Francois,FR,46.42,3.91,46.4,93,75,5.82,broken clouds
425,Belaya Gora,RU,68.53,146.42,19.47,97,100,5.39,overcast clouds
426,Susuman,RU,62.78,148.17,22.89,90,0,2.86,clear sky
427,Roald,NO,62.58,6.13,46.4,70,40,16.11,scattered clouds
428,Bone,DE,51.97,12.14,50.0,96,100,4.0,overcast clouds
429,Honningsvag,NO,70.98,25.97,39.2,80,75,17.22,broken clouds
430,Joacaba,BR,-27.18,-51.5,82.78,39,100,6.49,overcast clouds
431,Mersin,TR,36.86,34.65,73.4,88,0,5.14,clear sky
432,Palmer,US,42.16,-72.33,71.6,28,20,8.05,few clouds
433,Chivacoa,VE,10.16,-68.89,91.4,38,20,12.75,few clouds
434,Oranjestad,AW,12.52,-70.03,87.8,62,20,14.99,few clouds
435,Vaitape,PF,-16.52,-151.75,79.32,79,8,11.63,light rain
436,Victor Harbor,AU,-35.57,138.62,75.0,36,100,8.01,light rain
437,Sambava,MG,-14.27,50.17,73.47,88,93,8.84,light rain
438,Les Cayes,HT,18.2,-73.75,84.83,69,83,4.36,broken clouds
439,King City,US,36.21,-121.13,89.01,26,0,5.99,clear sky
440,Kloulklubed,PW,7.04,134.26,77.0,94,90,3.36,heavy intensity rain
441,Jalcocotan,MX,21.47,-105.12,82.4,61,40,8.05,scattered clouds
442,Bagdarin,RU,54.43,113.6,22.77,83,100,3.42,overcast clouds
443,Pithapuram,IN,17.12,82.27,78.8,83,75,3.36,mist
444,Eganville,CA,45.53,-77.1,59.0,47,90,10.29,overcast clouds
445,Mungwi,ZM,-10.17,31.37,71.47,59,0,8.48,clear sky
446,Khani,GE,41.96,42.96,59.0,82,100,2.24,overcast clouds
447,Cidreira,BR,-30.18,-50.21,64.17,73,30,9.75,scattered clouds
448,Sao Jose Da Coroa Grande,BR,-8.9,-35.15,78.06,76,71,11.03,broken clouds
449,Chernyshevskiy,RU,63.01,112.47,24.28,95,100,9.37,overcast clouds
450,Itoman,JP,26.12,127.67,77.0,83,20,5.82,few clouds
451,Centralia,US,46.72,-122.95,60.8,59,40,6.93,scattered clouds
452,Sao Filipe,CV,14.9,-24.5,79.79,79,27,9.44,light rain
453,Najran,SA,17.49,44.13,73.4,18,0,4.7,clear sky
454,Kimbe,PG,-5.55,150.14,72.9,86,88,4.0,overcast clouds
455,Ilhabela,BR,-23.78,-45.36,74.48,79,37,3.24,scattered clouds
456,Cayenne,GF,4.93,-52.33,87.8,58,0,13.87,clear sky
457,Sao Felix Do Xingu,BR,-6.64,-51.99,94.06,33,24,5.48,few clouds
458,Dingle,PH,11.0,122.67,74.82,90,100,5.5,overcast clouds
459,Valencia,ES,39.33,-0.83,60.01,71,66,1.99,broken clouds
460,Skjervoy,NO,70.03,20.97,37.4,86,75,19.46,shower rain
461,Mana,GF,5.66,-53.78,84.43,68,0,11.72,clear sky
462,Kremenchuk,UA,49.1,33.42,58.5,52,0,7.0,clear sky
463,Daura,NG,11.55,11.41,84.78,49,35,8.7,scattered clouds
464,Tukrah,LY,32.53,20.58,69.21,65,0,4.16,clear sky
465,Rocha,UY,-34.48,-54.33,64.8,71,0,6.4,clear sky
466,Pauini,BR,-7.71,-66.98,82.83,59,77,5.84,broken clouds
467,Ancud,CL,-41.87,-73.82,59.0,44,0,8.05,clear sky
468,La Maddalena,IT,41.21,9.41,59.0,93,100,9.17,overcast clouds
469,Staraya Toropa,RU,56.28,31.67,55.56,93,97,8.46,overcast clouds
470,Sorland,NO,67.67,12.69,46.4,81,75,14.99,broken clouds
471,Sharan,RU,54.82,54.0,48.69,48,79,9.13,light rain
472,Mpika,ZM,-11.83,31.45,68.81,73,56,11.39,light rain
473,Buala,SB,-8.14,159.59,79.38,78,69,1.19,broken clouds
474,Khandbari,NP,27.37,87.2,68.14,65,98,2.55,overcast clouds
475,Macas,EC,-2.32,-78.12,69.8,77,90,5.82,shower rain
476,Lodja,CD,-3.48,23.43,72.01,89,14,0.89,few clouds
477,Port Macquarie,AU,-31.43,152.92,51.01,99,0,5.08,clear sky
478,Bonfim,BR,3.08,-59.95,94.35,39,62,9.26,broken clouds
479,Utica,US,43.1,-75.23,64.4,48,40,12.75,scattered clouds
480,Sarangani,PH,5.4,125.46,82.08,69,98,0.81,overcast clouds
481,Hovd,MN,48.01,91.64,31.51,82,0,3.56,clear sky
482,Bend,US,44.06,-121.32,57.2,35,1,5.82,clear sky
483,Kidal,ML,18.44,1.41,93.69,12,0,7.43,clear sky
484,Tarko-Sale,RU,64.92,77.78,31.23,91,0,14.74,clear sky
485,Champerico,GT,14.3,-91.92,89.6,66,75,9.17,broken clouds
486,Cuenca,EC,-2.88,-78.98,66.2,42,75,6.93,broken clouds
487,Tecoanapa,MX,16.52,-98.75,86.61,65,17,10.09,few clouds
488,Kruisfontein,ZA,-34.0,24.73,62.01,74,0,11.99,clear sky
489,Muros,ES,42.78,-9.06,53.01,86,0,1.99,clear sky
490,Akdepe,TM,42.06,59.38,50.0,57,0,4.7,clear sky
491,Am Timan,TD,11.03,20.28,79.5,69,61,4.32,broken clouds
492,Mujiayingzi,CN,42.12,118.78,36.86,77,0,6.58,clear sky
493,Bratsk,RU,56.13,101.61,32.0,93,100,6.71,overcast clouds
494,Sola,VU,-13.88,167.55,80.67,77,85,4.81,overcast clouds
495,Aklavik,CA,68.22,-135.01,23.0,79,40,3.62,scattered clouds
496,Rabo De Peixe,PT,37.8,-25.58,69.8,83,20,10.29,few clouds
497,Matara,LK,5.95,80.54,78.3,85,96,12.01,light rain
498,Berdigestyakh,RU,62.1,126.7,19.67,89,100,11.68,overcast clouds
499,Tadpatri,IN,14.92,78.02,73.58,85,25,8.68,heavy intensity rain
500,Dukat,RU,62.55,155.55,27.45,97,100,2.33,overcast clouds
501,Klyuchi,RU,52.27,79.17,44.94,59,29,9.89,scattered clouds
502,Vagur,FO,61.47,-6.81,46.09,70,42,8.16,scattered clouds
503,Salinopolis,BR,-0.61,-47.36,82.96,69,79,13.58,broken clouds
504,Franca,BR,-20.54,-47.4,86.68,32,62,4.79,heavy intensity rain
505,Makungu,TZ,-8.73,35.28,65.12,84,2,3.42,clear sky
506,Valleyview,CA,55.07,-117.29,41.34,64,9,8.28,clear sky
507,Disna,BY,55.57,28.2,51.31,95,48,6.64,light rain
508,Coihaique,CL,-45.58,-72.07,57.2,41,100,5.82,overcast clouds
509,Mirnyy,RU,62.54,113.96,23.0,73,75,11.18,broken clouds
510,Novopokrovka,UA,49.84,36.55,59.0,77,40,4.47,light rain
511,Haines Junction,CA,60.75,-137.51,37.17,67,0,2.62,clear sky
512,Bara,NG,10.37,10.73,80.01,72,100,7.76,overcast clouds
513,Monrovia,LR,6.3,-10.8,78.8,88,20,7.54,few clouds
514,Los Amates,GT,15.27,-89.1,84.92,63,94,3.6,light rain
515,Sabang,ID,5.89,95.32,82.54,76,100,15.3,overcast clouds
516,Mayo,US,38.89,-76.51,73.99,40,1,6.93,clear sky
517,Sonda,EE,59.34,26.84,44.42,87,30,10.92,scattered clouds
518,Puerto Carreno,CO,6.19,-67.49,91.67,49,0,7.4,clear sky
519,Upington,ZA,-28.45,21.26,78.8,21,0,3.36,clear sky
520,Valparaiso,CL,-33.04,-71.63,60.8,72,1,4.7,clear sky
521,Fort Morgan,US,40.25,-103.8,59.0,38,40,20.8,scattered clouds
522,Chervone,UA,49.96,28.86,49.06,63,21,9.62,few clouds
523,Blagodatnoye,RU,45.4,42.59,59.0,62,0,4.47,clear sky
524,Mundo Nuevo,MX,18.7,-95.5,83.57,74,100,13.44,overcast clouds
525,Yulara,AU,-25.24,130.99,60.8,29,0,3.36,clear sky
526,Carballo,ES,43.21,-8.69,57.2,82,40,5.82,scattered clouds
527,Tweed,CA,44.48,-77.32,61.0,43,74,3.0,broken clouds
528,Tocopilla,CL,-22.09,-70.2,67.71,47,25,9.46,scattered clouds
529,Erenhot,CN,43.65,111.98,39.15,65,0,7.9,clear sky
530,Nauta,PE,-4.51,-73.58,93.15,44,45,4.21,scattered clouds
531,Segezha,RU,63.74,34.32,37.6,79,100,6.91,overcast clouds
532,Yerbogachen,RU,61.28,108.01,29.28,95,100,10.58,overcast clouds
533,Altay,CN,47.87,88.12,32.81,69,11,4.05,few clouds
534,Non Sang,TH,16.87,102.57,78.8,94,75,3.36,light rain
535,Teguldet,RU,57.31,88.17,43.59,81,100,14.2,overcast clouds
536,Sikasso,ML,10.92,-7.0,80.42,57,0,0.83,clear sky
537,Eau Claire,US,44.81,-91.5,61.0,44,1,11.41,clear sky
538,Zhigansk,RU,66.77,123.37,11.44,94,31,8.16,scattered clouds
539,Puerto Madryn,AR,-42.77,-65.04,61.75,30,0,15.73,clear sky
540,Mindelo,CV,16.89,-24.98,82.4,69,40,20.8,scattered clouds
541,Aksu,CN,41.12,80.26,51.96,41,47,4.9,scattered clouds
542,West Bay,KY,19.37,-81.42,84.99,94,40,5.82,scattered clouds
543,Hay River,CA,60.82,-115.8,24.8,58,75,23.04,broken clouds
544,Tornio,FI,65.85,24.15,41.0,86,36,5.82,scattered clouds
545,Lincoln,US,40.8,-96.67,77.0,23,1,12.75,clear sky
546,Muroto,JP,33.28,134.15,68.74,74,0,13.4,clear sky
547,Atambua,ID,-9.11,124.89,72.86,76,20,2.59,few clouds
548,Worthington,US,40.09,-83.02,73.0,43,1,10.29,clear sky
549,Camargo,MX,27.67,-105.17,86.54,18,100,2.66,overcast clouds
550,Rudnogorsk,RU,57.26,103.75,29.66,99,99,8.79,overcast clouds
551,Evensk,RU,61.95,159.23,36.91,94,100,14.41,light rain
552,Chuguyevka,RU,44.17,133.86,28.72,92,84,3.65,broken clouds
553,Minab,IR,27.15,57.08,68.0,32,0,4.7,clear sky
554,Krasnoselkup,RU,65.7,82.47,27.73,95,0,13.65,clear sky
555,Guiratinga,BR,-16.35,-53.76,90.19,35,92,6.06,overcast clouds
556,Morondava,MG,-20.28,44.28,76.69,66,0,13.49,clear sky
557,Barber,CW,12.28,-69.07,89.6,66,20,13.87,few clouds
558,Orange Cove,US,36.62,-119.31,84.99,38,0,3.98,clear sky
559,Praia,CV,14.92,-23.51,78.8,88,75,12.75,broken clouds
560,Nurota,UZ,40.56,65.69,46.4,33,0,6.93,clear sky
561,Iquique,CL,-20.22,-70.14,66.2,59,38,17.22,scattered clouds
562,Lucapa,AO,-8.42,20.74,68.05,96,80,1.14,broken clouds
563,Orbetello,IT,42.44,11.22,59.0,93,75,6.93,broken clouds
564,Tsumeb,NA,-19.23,17.72,76.32,21,0,9.93,clear sky
565,Quilmana,PE,-12.95,-76.38,68.54,64,65,8.77,broken clouds
566,Sao Miguel Do Araguaia,BR,-13.28,-50.16,91.18,38,79,5.97,light rain
567,Longhua,CN,23.61,114.19,68.9,92,100,3.0,overcast clouds
568,Chapada Dos Guimaraes,BR,-15.46,-55.75,78.8,61,75,18.34,heavy intensity rain
569,Comodoro Rivadavia,AR,-45.87,-67.5,62.6,32,25,14.99,scattered clouds
570,Anchorage,US,61.22,-149.9,45.0,75,1,3.36,moderate rain
571,Imperia,IT,43.97,7.78,59.0,87,75,21.92,moderate rain
572,Port-Cartier,CA,50.03,-66.87,46.99,100,90,8.05,mist
573,Hualmay,PE,-11.1,-77.61,67.93,68,16,9.06,few clouds
574,Daultala,PK,33.19,73.14,66.99,52,0,3.36,clear sky
575,Vila Franca Do Campo,PT,37.72,-25.43,69.8,83,20,10.29,few clouds
576,Gisborne,NZ,-38.65,178.0,48.99,88,100,8.99,overcast clouds
577,Meulaboh,ID,4.14,96.13,78.1,78,100,3.83,overcast clouds
578,Rio Gallegos,AR,-51.62,-69.22,60.8,23,75,12.75,broken clouds
579,Marawi,PH,8.0,124.29,73.0,95,100,3.0,overcast clouds
580,Laurel,US,39.1,-76.85,73.99,52,1,10.29,clear sky
581,Chiredzi,ZW,-21.05,31.67,72.88,67,97,13.09,overcast clouds
582,Pangai,TO,-19.8,-174.35,80.6,54,75,14.99,broken clouds
583,Padang,ID,-0.95,100.35,78.22,74,100,3.18,overcast clouds
584,Aswan,EG,24.09,32.91,87.22,20,0,6.04,clear sky
585,San Pedro,PH,14.35,121.02,77.0,94,75,5.82,moderate rain
586,Banamba,ML,13.55,-7.45,84.9,36,17,4.7,few clouds
587,Viedma,AR,-40.81,-63.0,66.99,31,0,1.99,clear sky
588,Anadyr,RU,64.75,177.48,37.4,86,20,8.95,few clouds
589,Wooster,US,40.81,-81.94,62.6,51,1,10.29,light rain
590,Hambantota,LK,6.12,81.12,79.84,78,72,19.04,broken clouds
591,Susangerd,IR,31.56,48.18,69.8,35,0,2.24,clear sky
592,Bayshore Gardens,US,27.43,-82.59,91.0,46,20,9.17,few clouds
593,Moosomin,CA,50.13,-101.67,38.48,58,83,18.75,broken clouds
594,Barra Patuca,HN,15.8,-84.28,84.9,71,74,10.49,light rain
595,Fairview,US,40.81,-74.0,72.0,43,1,10.29,clear sky
596,College,US,64.86,-147.8,24.01,62,75,8.05,broken clouds
597,Juneau,US,58.3,-134.42,45.0,81,90,5.82,overcast clouds
598,Inuvik,CA,68.35,-133.72,21.2,92,75,3.36,light snow
599,Progreso,MX,21.28,-89.67,91.0,52,75,11.03,broken clouds
600,Horodok,UA,49.16,26.58,53.01,74,36,5.99,scattered clouds
601,Tasquillo,MX,20.55,-99.3,76.46,47,34,8.79,scattered clouds
602,Kiunga,PG,-6.12,141.29,72.66,98,94,1.92,overcast clouds
603,Kralendijk,BQ,12.15,-68.27,89.6,66,40,16.11,scattered clouds
604,Mabaruma,GY,8.2,-59.78,85.84,64,98,7.52,overcast clouds
605,Augusto Correa,BR,-1.02,-46.63,83.86,63,42,9.22,scattered clouds
606,Kathmandu,NP,27.72,85.32,68.0,94,40,2.24,scattered clouds
607,Nadym,RU,65.53,72.52,31.21,93,0,14.41,clear sky
608,Grindavik,IS,63.84,-22.43,48.2,81,90,27.51,overcast clouds
609,Vilyuysk,RU,63.76,121.62,17.56,95,0,6.22,clear sky
610,Chernyakhiv,UA,50.46,28.67,47.61,67,46,7.78,scattered clouds
611,Nyahururu,KE,0.04,36.37,55.08,92,42,3.36,light rain
612,Burghausen,DE,48.17,12.83,46.0,98,100,5.99,overcast clouds
613,The Valley,AI,18.22,-63.06,87.8,70,40,11.41,scattered clouds
614,Ormond Beach,US,29.29,-81.06,84.2,58,40,8.05,scattered clouds
615,Bell Ville,AR,-32.63,-62.69,86.0,25,99,8.01,light rain
616,Dawlatabad,AF,36.41,64.91,48.11,61,0,0.63,clear sky
617,Visnes,NO,59.36,5.22,46.99,87,0,3.36,clear sky
618,Watsa,CD,3.04,29.54,64.76,99,0,1.34,clear sky
619,Auki,SB,-8.77,160.7,77.99,81,87,3.24,overcast clouds
620,Seinajoki,FI,62.79,22.83,32.0,100,75,2.24,broken clouds
621,Vao,NC,-22.67,167.48,71.89,85,55,15.61,broken clouds
622,Shenjiamen,CN,29.96,122.3,68.43,73,46,15.5,scattered clouds
623,Maryborough,AU,-25.53,152.7,59.38,84,6,4.83,clear sky
624,Kuytun,RU,54.34,101.5,28.74,98,81,5.44,broken clouds
625,Calama,CL,-22.47,-68.93,75.2,13,0,24.16,clear sky
626,San Patricio,US,28.02,-97.52,91.0,52,40,8.05,scattered clouds
627,Kavaratti,IN,10.57,72.64,81.95,77,98,21.07,overcast clouds
628,Pafos,CY,34.77,32.42,69.8,77,20,6.93,few clouds
629,Azul,AR,-36.78,-59.86,69.01,33,0,5.01,clear sky
630,Morgan City,US,29.7,-91.21,84.2,48,1,4.7,clear sky
631,Pedernales,DO,18.04,-71.74,87.8,70,20,11.41,few clouds
632,Vizinga,RU,61.07,50.1,31.87,97,0,3.56,clear sky
633,Bar Harbor,US,44.39,-68.2,64.4,48,1,8.05,clear sky
634,Port Blair,IN,11.67,92.75,80.53,81,99,13.49,moderate rain
635,Mahajanga,MG,-15.72,46.32,80.6,74,20,8.05,few clouds
636,Coos Bay,US,43.37,-124.22,71.01,63,1,8.05,clear sky
637,Zyryanovsk,KZ,49.74,84.27,35.19,83,6,1.77,clear sky
638,Deutschlandsberg,AT,46.82,15.22,43.0,75,82,2.24,broken clouds
639,Srednekolymsk,RU,67.45,153.68,30.51,90,52,2.75,broken clouds
640,Trairi,BR,-3.28,-39.27,81.45,69,66,13.85,broken clouds
641,Pangoa,PE,-12.12,-73.0,90.75,38,58,5.03,broken clouds
642,Requena,ES,39.49,-1.1,55.99,40,32,1.99,scattered clouds
643,Aitape,PG,-3.14,142.35,77.72,85,100,4.16,overcast clouds
644,Boa Vista,BR,2.82,-60.67,95.0,34,40,11.41,scattered clouds
645,Chapais,CA,49.78,-74.85,44.6,93,90,8.05,overcast clouds
646,Mizdah,LY,31.45,12.98,63.09,59,0,3.58,clear sky
647,Maues,BR,-3.38,-57.72,91.87,45,100,2.66,overcast clouds
648,Hwange,ZW,-18.37,26.5,78.19,49,8,4.0,clear sky
649,Zhezkazgan,KZ,47.8,67.71,49.23,54,0,3.67,clear sky
650,Rincon,US,32.3,-81.24,84.0,58,75,6.93,broken clouds
651,Totma,RU,59.97,42.76,39.22,85,100,5.84,overcast clouds
652,Necochea,AR,-38.55,-58.74,55.0,71,0,11.01,clear sky
653,Bousso,TD,10.48,16.71,74.95,81,97,2.59,overcast clouds
654,Talcahuano,CL,-36.72,-73.12,60.8,67,0,16.11,clear sky
655,Blythe,US,33.61,-114.6,96.01,14,1,3.36,clear sky
656,Smithers,CA,54.78,-127.17,41.0,80,75,3.36,broken clouds
657,Antalaha,MG,-14.9,50.28,71.42,88,8,7.11,clear sky
658,Batemans Bay,AU,-35.72,150.18,57.0,94,34,5.46,scattered clouds
659,Shaunavon,CA,49.65,-108.42,39.65,62,97,15.32,overcast clouds
660,Severnoye,RU,56.35,78.36,47.55,83,100,15.1,overcast clouds
661,Ulagan,RU,50.63,87.96,25.03,86,83,2.57,broken clouds
662,Ormara,PK,25.21,64.64,82.18,31,0,12.5,clear sky
663,Jiuquan,CN,39.74,98.52,40.33,58,0,13.78,clear sky
664,Fatsa,TR,41.03,37.5,71.6,94,75,4.7,broken clouds
665,Dzaoudzi,YT,-12.79,45.27,78.8,78,3,6.93,clear sky
666,Nabire,ID,-3.37,135.48,76.44,88,100,2.82,light rain
667,Ilebo,CD,-4.32,20.58,73.0,85,8,1.23,clear sky
668,Namatanai,PG,-3.67,152.43,77.68,81,52,3.74,broken clouds
669,Irbil,IQ,36.19,44.01,68.0,19,13,1.12,few clouds
670,Springbok,ZA,-29.66,17.89,68.2,27,0,2.48,clear sky
671,Moron,AR,-34.65,-58.62,80.6,42,64,6.93,broken clouds
672,Ossora,RU,59.24,163.07,43.88,96,100,15.17,moderate rain
673,Poum,NC,-20.23,164.02,74.64,85,100,11.77,overcast clouds
674,Tazmalt,DZ,36.39,4.4,66.2,68,40,4.7,scattered clouds
675,Uvelskiy,RU,54.44,61.36,47.61,51,3,10.83,clear sky
676,Dhekiajuli,IN,26.7,92.5,75.29,86,0,1.41,clear sky
677,Havoysund,NO,71.0,24.66,39.2,80,75,17.22,broken clouds
678,Alugan,PH,12.22,125.48,76.75,87,100,1.43,overcast clouds
679,Znamenskoye,RU,57.13,73.83,49.5,79,100,11.41,overcast clouds
680,Beloha,MG,-25.17,45.05,61.65,83,0,5.82,clear sky
681,Svetlogorsk,BY,52.63,29.73,51.22,76,86,6.02,overcast clouds
682,Colorado Springs,US,38.83,-104.82,84.2,9,40,26.4,scattered clouds
683,Marsh Harbour,BS,26.54,-77.06,82.54,68,81,11.34,broken clouds
684,Bull Savanna,JM,17.89,-77.59,82.87,72,1,8.05,clear sky
685,Jiwani,PK,25.05,61.74,77.29,25,0,15.17,clear sky
686,Matamoros,MX,25.53,-103.25,86.0,35,5,5.93,clear sky
687,Porto Novo,BJ,6.5,2.6,78.8,88,20,12.75,few clouds
688,Jatibonico,CU,21.94,-79.17,86.45,67,95,7.87,overcast clouds
689,Port-Gentil,GA,-0.72,8.78,78.8,78,75,12.75,broken clouds
690,Ruteng,ID,-8.61,120.47,61.95,91,96,1.41,overcast clouds
691,Pangkalanbuun,ID,-2.68,111.62,75.04,97,100,0.94,moderate rain
692,Port Hedland,AU,-20.32,118.57,71.6,88,0,9.17,clear sky
693,Iranshahr,IR,27.2,60.68,68.0,9,0,6.93,clear sky
694,Kuryk,KZ,43.2,51.65,62.35,31,0,17.85,clear sky
